https://m.maoyan.com/movie/1250952,天气之子,"爱情,动画,奇幻",2019-11-01
https://m.maoyan.com/movie/1218273,误杀,"剧情,犯罪",2019-12-13
https://m.maoyan.com/movie/344990,唐人街探案2,"喜剧,动作,悬疑",2018-02-16
https://m.maoyan.com/movie/1211270,哪吒之魔童降世,"动画,喜剧,奇幻",2019-07-26
https://m.maoyan.com/movie/1218029,少年的你,"爱情,青春,剧情",2019-10-25
https://m.maoyan.com/movie/246061,哥斯拉2：怪兽之王,"科幻,灾难,动作",2019-05-31
https://m.maoyan.com/movie/1251639,毒液2,"动作,科幻,惊悚,恐怖",2020-06-25
https://m.maoyan.com/movie/344264,战狼2,"动作,战争",2017-07-27
https://m.maoyan.com/movie/1227006,吹哨人,"剧情,犯罪,悬疑",2019-12-06
https://m.maoyan.com/movie/343355,恐怖电影院2,"恐怖,惊悚",2017-10-20
